{
  "reward_points": 1,
  "loss_points": 1,
  "final_reward": 6.430000305175781,
  "final_loss": 0.0,
  "best_reward": 6.430000305175781
}