{
  "reward_points": 200,
  "loss_points": 200,
  "final_reward": 4.820000171661377,
  "final_loss": 0.0,
  "best_reward": 8.84000015258789
}