{
  "random": [
    -3.88,
    -4.675000000000001,
    -3.0,
    -7.41,
    -3.156,
    -3.387,
    -3.989,
    -3.156,
    -2.36,
    -8.654,
    -6.731,
    -5.61,
    -3.404,
    -4.874,
    -3.771,
    -2.36,
    -5.92,
    -2.1419999999999995,
    -3.0,
    -5.01,
    -3.925,
    -2.452,
    -4.591,
    -6.5360000000000005,
    -7.599,
    -8.734,
    -3.0,
    -3.6,
    -3.156,
    -6.575,
    -11.690000000000001,
    -2.7079999999999997,
    -3.0,
    -3.156,
    -3.624,
    -4.7299999999999995,
    -3.156,
    -5.166,
    -2.36,
    -6.876000000000001,
    -6.955,
    -3.156,
    -7.405000000000001,
    -5.496,
    -4.659,
    -5.478,
    -4.31,
    -3.468,
    -3.468,
    -4.056,
    -9.482000000000001,
    -2.7079999999999997,
    -5.853,
    -10.403000000000002,
    -6.181000000000001,
    -2.36,
    -5.361000000000001,
    -1.7199999999999998,
    -3.9989999999999997,
    -1.876,
    -3.468,
    -7.042999999999999,
    -6.391,
    -3.0,
    -3.0,
    -2.9399999999999995,
    -6.674,
    -3.708,
    -3.0639999999999996,
    -6.380000000000001,
    -3.888,
    -2.032,
    -4.707,
    -6.923,
    -6.539000000000001,
    -4.416,
    -8.204,
    -3.195,
    -4.752,
    -6.469999999999999,
    -3.0229999999999997,
    -3.156,
    -2.11,
    -5.574,
    -5.882,
    -4.838,
    -4.24,
    -3.0,
    -2.8599999999999994,
    -6.8870000000000005,
    -4.968999999999999,
    -4.666,
    -6.388000000000001,
    -3.925,
    -6.568,
    -4.929,
    -3.0679999999999996,
    -4.24,
    -3.0,
    -8.112000000000002
  ],
  "heuristic": [
    9.16,
    9.16,
    -5.539000000000001,
    8.74,
    -3.728,
    -5.539000000000001,
    9.16,
    -3.728,
    8.74,
    -3.728,
    -3.728,
    -3.728,
    -5.539000000000001,
    9.16,
    9.16,
    -3.728,
    9.16,
    8.74,
    8.74,
    -5.539000000000001,
    8.74,
    8.74,
    -3.728,
    -5.539000000000001,
    -5.539000000000001,
    -5.539000000000001,
    8.74,
    9.16,
    -3.728,
    9.16,
    9.16,
    8.74,
    8.74,
    9.16,
    -5.539000000000001,
    8.74,
    -5.539000000000001,
    -5.539000000000001,
    8.74,
    9.16,
    -3.728,
    -5.539000000000001,
    -3.728,
    -3.728,
    8.74,
    8.74,
    8.74,
    -3.728,
    -3.728,
    -5.539000000000001,
    9.16,
    -3.728,
    9.16,
    9.16,
    9.16,
    8.74,
    8.74,
    9.16,
    8.74,
    8.74,
    -5.539000000000001,
    8.74,
    -5.539000000000001,
    8.74,
    9.16,
    -5.539000000000001,
    -5.539000000000001,
    -3.728,
    -3.728,
    -5.539000000000001,
    9.16,
    -3.728,
    9.16,
    -5.539000000000001,
    -3.728,
    8.74,
    -3.728,
    9.16,
    8.74,
    -3.728,
    8.74,
    9.16,
    9.16,
    -3.728,
    -3.728,
    -5.539000000000001,
    -3.728,
    -5.539000000000001,
    9.16,
    -3.728,
    -3.728,
    -3.728,
    9.16,
    8.74,
    -5.539000000000001,
    9.16,
    -3.728,
    -3.728,
    -5.539000000000001,
    9.16
  ],
  "trained": [
    10.792000000000002,
    10.792000000000002,
    0.6760000000000004,
    11.576,
    -4.750000000000002,
    0.6760000000000004,
    10.792000000000002,
    -4.750000000000002,
    11.576,
    -4.750000000000002,
    -4.750000000000002,
    -4.750000000000002,
    0.6760000000000004,
    10.792000000000002,
    10.792000000000002,
    -4.750000000000002,
    10.792000000000002,
    11.576,
    11.576,
    0.6760000000000004,
    11.576,
    11.576,
    -4.750000000000002,
    0.6760000000000004,
    0.6760000000000004,
    0.6760000000000004,
    11.576,
    10.792000000000002,
    -4.750000000000002,
    10.792000000000002,
    10.792000000000002,
    11.576,
    11.576,
    10.792000000000002,
    0.6760000000000004,
    11.576,
    0.6760000000000004,
    0.6760000000000004,
    11.576,
    10.792000000000002,
    -4.750000000000002,
    0.6760000000000004,
    -4.750000000000002,
    -4.750000000000002,
    11.576,
    11.576,
    11.576,
    -4.750000000000002,
    -4.750000000000002,
    0.6760000000000004,
    10.792000000000002,
    -4.750000000000002,
    10.792000000000002,
    10.792000000000002,
    10.792000000000002,
    11.576,
    11.576,
    10.792000000000002,
    11.576,
    11.576,
    0.6760000000000004,
    11.576,
    0.6760000000000004,
    11.576,
    10.792000000000002,
    0.6760000000000004,
    0.6760000000000004,
    -4.750000000000002,
    -4.750000000000002,
    0.6760000000000004,
    10.792000000000002,
    -4.750000000000002,
    10.792000000000002,
    0.6760000000000004,
    -4.750000000000002,
    11.576,
    -4.750000000000002,
    10.792000000000002,
    11.576,
    -4.750000000000002,
    11.576,
    10.792000000000002,
    10.792000000000002,
    -4.750000000000002,
    -4.750000000000002,
    0.6760000000000004,
    -4.750000000000002,
    0.6760000000000004,
    10.792000000000002,
    -4.750000000000002,
    -4.750000000000002,
    -4.750000000000002,
    10.792000000000002,
    11.576,
    0.6760000000000004,
    10.792000000000002,
    -4.750000000000002,
    -4.750000000000002,
    0.6760000000000004,
    10.792000000000002
  ]
}