{
  "random": [
    -4.84,
    -3.48,
    -2.36,
    -2.84,
    -5.48,
    -3.0,
    -11.309999999999999,
    -3.48,
    -3.0,
    -2.7199999999999998,
    -2.1999999999999997,
    -3.0,
    -3.0,
    -3.1999999999999997,
    -2.36,
    -3.74,
    -4.51,
    -3.36,
    -2.51,
    -4.640000000000001,
    -4.79,
    -3.0,
    -4.390000000000001,
    -7.500000000000001,
    -5.12,
    -3.12,
    -9.770000000000001,
    -4.24,
    -4.96,
    -3.0,
    -3.09,
    -2.7199999999999998,
    -3.0,
    -4.359999999999999,
    -3.85,
    -3.0,
    -3.0799999999999996,
    -5.36,
    -3.0,
    -4.24,
    -4.21,
    -5.52,
    -3.0,
    -5.86,
    -5.08,
    -7.380000000000001,
    -4.23,
    -3.7199999999999998,
    -4.05,
    -4.49,
    -4.24,
    -3.7800000000000002,
    -6.01,
    -4.45,
    -7.58,
    -7.52,
    -3.12,
    -4.390000000000001,
    -8.130000000000003,
    -1.96,
    -11.799999999999999,
    -2.59,
    -3.7199999999999998,
    -2.8,
    -3.84,
    -3.87,
    -2.75,
    -3.15,
    -3.0,
    -3.8200000000000003,
    -4.619999999999999,
    -3.12,
    -6.17,
    -3.12,
    -4.85,
    -6.48,
    -3.0,
    -4.6,
    -4.14,
    -3.0,
    -3.12,
    -4.75,
    -4.6,
    -3.36,
    -2.66,
    -5.56,
    -5.49,
    -3.2699999999999996,
    -5.0,
    -4.17,
    -1.9499999999999997,
    -4.390000000000001,
    -3.0,
    -10.39,
    -1.2299999999999995,
    -1.4399999999999995,
    -2.8499999999999996,
    -3.0,
    -3.3,
    -3.0
  ],
  "heuristic": [
    9.16,
    9.16,
    -5.08,
    8.74,
    -3.5300000000000002,
    -5.08,
    9.16,
    -3.5300000000000002,
    8.74,
    -3.5300000000000002,
    -3.5300000000000002,
    -3.5300000000000002,
    -5.08,
    9.16,
    9.16,
    -3.5300000000000002,
    9.16,
    8.74,
    8.74,
    -5.08,
    8.74,
    8.74,
    -3.5300000000000002,
    -5.08,
    -5.08,
    -5.08,
    8.74,
    9.16,
    -3.5300000000000002,
    9.16,
    9.16,
    8.74,
    8.74,
    9.16,
    -5.08,
    8.74,
    -5.08,
    -5.08,
    8.74,
    9.16,
    -3.5300000000000002,
    -5.08,
    -3.5300000000000002,
    -3.5300000000000002,
    8.74,
    8.74,
    8.74,
    -3.5300000000000002,
    -3.5300000000000002,
    -5.08,
    9.16,
    -3.5300000000000002,
    9.16,
    9.16,
    9.16,
    8.74,
    8.74,
    9.16,
    8.74,
    8.74,
    -5.08,
    8.74,
    -5.08,
    8.74,
    9.16,
    -5.08,
    -5.08,
    -3.5300000000000002,
    -3.5300000000000002,
    -5.08,
    9.16,
    -3.5300000000000002,
    9.16,
    -5.08,
    -3.5300000000000002,
    8.74,
    -3.5300000000000002,
    9.16,
    8.74,
    -3.5300000000000002,
    8.74,
    9.16,
    9.16,
    -3.5300000000000002,
    -3.5300000000000002,
    -5.08,
    -3.5300000000000002,
    -5.08,
    9.16,
    -3.5300000000000002,
    -3.5300000000000002,
    -3.5300000000000002,
    9.16,
    8.74,
    -5.08,
    9.16,
    -3.5300000000000002,
    -3.5300000000000002,
    -5.08,
    9.16
  ],
  "trained": [
    10.900000000000002,
    10.900000000000002,
    1.09,
    11.900000000000002,
    -4.570000000000001,
    1.09,
    10.900000000000002,
    -4.570000000000001,
    11.900000000000002,
    -4.570000000000001,
    -4.570000000000001,
    -4.570000000000001,
    1.09,
    10.900000000000002,
    10.900000000000002,
    -4.570000000000001,
    10.900000000000002,
    11.900000000000002,
    11.900000000000002,
    1.09,
    11.900000000000002,
    11.900000000000002,
    -4.570000000000001,
    1.09,
    1.09,
    1.09,
    11.900000000000002,
    10.900000000000002,
    -4.570000000000001,
    10.900000000000002,
    10.900000000000002,
    11.900000000000002,
    11.900000000000002,
    10.900000000000002,
    1.09,
    11.900000000000002,
    1.09,
    1.09,
    11.900000000000002,
    10.900000000000002,
    -4.570000000000001,
    1.09,
    -4.570000000000001,
    -4.570000000000001,
    11.900000000000002,
    11.900000000000002,
    11.900000000000002,
    -4.570000000000001,
    -4.570000000000001,
    1.09,
    10.900000000000002,
    -4.570000000000001,
    10.900000000000002,
    10.900000000000002,
    10.900000000000002,
    11.900000000000002,
    11.900000000000002,
    10.900000000000002,
    11.900000000000002,
    11.900000000000002,
    1.09,
    11.900000000000002,
    1.09,
    11.900000000000002,
    10.900000000000002,
    1.09,
    1.09,
    -4.570000000000001,
    -4.570000000000001,
    1.09,
    10.900000000000002,
    -4.570000000000001,
    10.900000000000002,
    1.09,
    -4.570000000000001,
    11.900000000000002,
    -4.570000000000001,
    10.900000000000002,
    11.900000000000002,
    -4.570000000000001,
    11.900000000000002,
    10.900000000000002,
    10.900000000000002,
    -4.570000000000001,
    -4.570000000000001,
    1.09,
    -4.570000000000001,
    1.09,
    10.900000000000002,
    -4.570000000000001,
    -4.570000000000001,
    -4.570000000000001,
    10.900000000000002,
    11.900000000000002,
    1.09,
    10.900000000000002,
    -4.570000000000001,
    -4.570000000000001,
    1.09,
    10.900000000000002
  ]
}