{
  "random": [
    -2.36,
    -4.872,
    -2.764,
    -3.0,
    -3.195,
    -1.9519999999999995,
    -3.156,
    -6.1850000000000005,
    -4.271,
    -4.627000000000001,
    -3.0,
    -4.396,
    -6.126999999999999,
    -4.371,
    -2.756,
    -3.468,
    -4.948,
    -8.17,
    -11.345999999999998,
    -11.097,
    -3.0,
    -3.708,
    -2.516,
    -3.156,
    -11.006000000000002,
    -3.0,
    -3.2139999999999995,
    -3.0,
    -8.010000000000002,
    -6.037000000000001,
    -5.927999999999999,
    -5.306,
    -10.679,
    -3.899,
    -5.726000000000001,
    -3.195,
    -6.815,
    -2.516,
    -7.3709999999999996,
    -4.783,
    -4.838,
    -3.0,
    -3.156,
    -2.199,
    -6.423,
    -6.728,
    -3.468,
    -3.795,
    -4.831,
    -5.604,
    -3.7560000000000002,
    -7.872,
    -4.766,
    -8.109,
    -2.36,
    -2.899,
    -5.4,
    -3.0,
    -6.222,
    -11.886999999999999,
    -4.385999999999999,
    -3.0,
    -5.436,
    -5.445,
    -3.0,
    -10.299,
    -5.205,
    -5.948,
    -3.0,
    -6.149,
    -6.192,
    -3.0,
    -5.368,
    -3.156,
    -3.0,
    -3.468,
    -3.5599999999999996,
    -9.152000000000001,
    -5.01,
    -8.095,
    -3.0,
    -6.122,
    -3.0,
    -8.115000000000002,
    -4.112,
    -3.156,
    -3.195,
    -5.478,
    -2.992,
    -3.0,
    -5.968,
    -6.407,
    -5.98,
    -8.02,
    -8.364,
    -8.254,
    -1.7199999999999998,
    -4.263,
    -6.731000000000001,
    -4.332
  ],
  "heuristic": [
    9.16,
    9.16,
    -5.539000000000001,
    8.74,
    -3.728,
    -5.539000000000001,
    9.16,
    -3.728,
    8.74,
    -3.728,
    -3.728,
    -3.728,
    -5.539000000000001,
    9.16,
    9.16,
    -3.728,
    9.16,
    8.74,
    8.74,
    -5.539000000000001,
    8.74,
    8.74,
    -3.728,
    -5.539000000000001,
    -5.539000000000001,
    -5.539000000000001,
    8.74,
    9.16,
    -3.728,
    9.16,
    9.16,
    8.74,
    8.74,
    9.16,
    -5.539000000000001,
    8.74,
    -5.539000000000001,
    -5.539000000000001,
    8.74,
    9.16,
    -3.728,
    -5.539000000000001,
    -3.728,
    -3.728,
    8.74,
    8.74,
    8.74,
    -3.728,
    -3.728,
    -5.539000000000001,
    9.16,
    -3.728,
    9.16,
    9.16,
    9.16,
    8.74,
    8.74,
    9.16,
    8.74,
    8.74,
    -5.539000000000001,
    8.74,
    -5.539000000000001,
    8.74,
    9.16,
    -5.539000000000001,
    -5.539000000000001,
    -3.728,
    -3.728,
    -5.539000000000001,
    9.16,
    -3.728,
    9.16,
    -5.539000000000001,
    -3.728,
    8.74,
    -3.728,
    9.16,
    8.74,
    -3.728,
    8.74,
    9.16,
    9.16,
    -3.728,
    -3.728,
    -5.539000000000001,
    -3.728,
    -5.539000000000001,
    9.16,
    -3.728,
    -3.728,
    -3.728,
    9.16,
    8.74,
    -5.539000000000001,
    9.16,
    -3.728,
    -3.728,
    -5.539000000000001,
    9.16
  ],
  "trained": [
    3.4309999999999996,
    3.4309999999999996,
    6.02,
    3.179999999999999,
    -6.360000000000001,
    6.02,
    3.4309999999999996,
    -6.360000000000001,
    3.179999999999999,
    -6.360000000000001,
    -6.360000000000001,
    -6.360000000000001,
    6.02,
    3.4309999999999996,
    3.4309999999999996,
    -6.360000000000001,
    3.4309999999999996,
    3.179999999999999,
    3.179999999999999,
    6.02,
    3.179999999999999,
    3.179999999999999,
    -6.360000000000001,
    6.02,
    6.02,
    6.02,
    3.179999999999999,
    3.4309999999999996,
    -6.360000000000001,
    3.4309999999999996,
    3.4309999999999996,
    3.179999999999999,
    3.179999999999999,
    3.4309999999999996,
    6.02,
    3.179999999999999,
    6.02,
    6.02,
    3.179999999999999,
    3.4309999999999996,
    -6.360000000000001,
    6.02,
    -6.360000000000001,
    -6.360000000000001,
    3.179999999999999,
    3.179999999999999,
    3.179999999999999,
    -6.360000000000001,
    -6.360000000000001,
    6.02,
    3.4309999999999996,
    -6.360000000000001,
    3.4309999999999996,
    3.4309999999999996,
    3.4309999999999996,
    3.179999999999999,
    3.179999999999999,
    3.4309999999999996,
    3.179999999999999,
    3.179999999999999,
    6.02,
    3.179999999999999,
    6.02,
    3.179999999999999,
    3.4309999999999996,
    6.02,
    6.02,
    -6.360000000000001,
    -6.360000000000001,
    6.02,
    3.4309999999999996,
    -6.360000000000001,
    3.4309999999999996,
    6.02,
    -6.360000000000001,
    3.179999999999999,
    -6.360000000000001,
    3.4309999999999996,
    3.179999999999999,
    -6.360000000000001,
    3.179999999999999,
    3.4309999999999996,
    3.4309999999999996,
    -6.360000000000001,
    -6.360000000000001,
    6.02,
    -6.360000000000001,
    6.02,
    3.4309999999999996,
    -6.360000000000001,
    -6.360000000000001,
    -6.360000000000001,
    3.4309999999999996,
    3.179999999999999,
    6.02,
    3.4309999999999996,
    -6.360000000000001,
    -6.360000000000001,
    6.02,
    3.4309999999999996
  ]
}