{
  "random": [
    -5.381,
    -3.0,
    -5.01,
    -3.0,
    -2.36,
    -4.188,
    -4.788,
    -4.948,
    -3.0,
    -8.45,
    -8.202,
    -3.879,
    -4.918,
    -4.396,
    -3.771,
    -3.0,
    -3.0,
    -3.0,
    -3.0,
    -8.352,
    -4.606999999999999,
    -3.9989999999999997,
    -4.24,
    -7.686,
    -5.01,
    -5.634,
    -9.449000000000002,
    -4.948,
    -5.225,
    -4.24,
    -3.3560000000000003,
    -11.158999999999999,
    -3.0,
    -4.719,
    -6.111000000000001,
    -3.0,
    -3.0,
    -4.994,
    -6.090000000000001,
    -2.828,
    -2.828,
    -4.916,
    -4.4350000000000005,
    -6.992000000000001,
    -8.607000000000001,
    -3.0,
    -2.36,
    -4.718,
    -4.042,
    -2.828,
    -2.5549999999999997,
    -2.5549999999999997,
    -3.5319999999999996,
    -2.984,
    -3.0,
    -3.8529999999999998,
    -3.0,
    -3.468,
    -3.66,
    -2.452,
    -4.138,
    -4.499,
    -6.702,
    -5.078,
    -2.36,
    -3.0,
    -5.01,
    -3.2969999999999997,
    -6.122,
    -3.156,
    -3.5169999999999995,
    -3.624,
    -3.0,
    -10.533000000000001,
    -2.711,
    -3.0,
    -3.387,
    -6.2379999999999995,
    -3.0,
    -3.0,
    -3.0,
    -3.0,
    -9.566,
    -4.24,
    -5.568,
    -3.0,
    -4.24,
    -7.0200000000000005,
    -4.594,
    -12.027000000000001,
    -3.0,
    -4.588,
    -7.113,
    -7.948,
    -8.610999999999997,
    -3.0,
    -4.708,
    -4.0440000000000005,
    -5.4,
    -3.0
  ],
  "heuristic": [
    9.16,
    9.16,
    -5.539000000000001,
    8.74,
    -3.728,
    -5.539000000000001,
    9.16,
    -3.728,
    8.74,
    -3.728,
    -3.728,
    -3.728,
    -5.539000000000001,
    9.16,
    9.16,
    -3.728,
    9.16,
    8.74,
    8.74,
    -5.539000000000001,
    8.74,
    8.74,
    -3.728,
    -5.539000000000001,
    -5.539000000000001,
    -5.539000000000001,
    8.74,
    9.16,
    -3.728,
    9.16,
    9.16,
    8.74,
    8.74,
    9.16,
    -5.539000000000001,
    8.74,
    -5.539000000000001,
    -5.539000000000001,
    8.74,
    9.16,
    -3.728,
    -5.539000000000001,
    -3.728,
    -3.728,
    8.74,
    8.74,
    8.74,
    -3.728,
    -3.728,
    -5.539000000000001,
    9.16,
    -3.728,
    9.16,
    9.16,
    9.16,
    8.74,
    8.74,
    9.16,
    8.74,
    8.74,
    -5.539000000000001,
    8.74,
    -5.539000000000001,
    8.74,
    9.16,
    -5.539000000000001,
    -5.539000000000001,
    -3.728,
    -3.728,
    -5.539000000000001,
    9.16,
    -3.728,
    9.16,
    -5.539000000000001,
    -3.728,
    8.74,
    -3.728,
    9.16,
    8.74,
    -3.728,
    8.74,
    9.16,
    9.16,
    -3.728,
    -3.728,
    -5.539000000000001,
    -3.728,
    -5.539000000000001,
    9.16,
    -3.728,
    -3.728,
    -3.728,
    9.16,
    8.74,
    -5.539000000000001,
    9.16,
    -3.728,
    -3.728,
    -5.539000000000001,
    9.16
  ],
  "trained": [
    3.4309999999999996,
    3.4309999999999996,
    6.02,
    3.179999999999999,
    -6.360000000000001,
    6.02,
    3.4309999999999996,
    -6.360000000000001,
    3.179999999999999,
    -6.360000000000001,
    -6.360000000000001,
    -6.360000000000001,
    6.02,
    3.4309999999999996,
    3.4309999999999996,
    -6.360000000000001,
    3.4309999999999996,
    3.179999999999999,
    3.179999999999999,
    6.02,
    3.179999999999999,
    3.179999999999999,
    -6.360000000000001,
    6.02,
    6.02,
    6.02,
    3.179999999999999,
    3.4309999999999996,
    -6.360000000000001,
    3.4309999999999996,
    3.4309999999999996,
    3.179999999999999,
    3.179999999999999,
    3.4309999999999996,
    6.02,
    3.179999999999999,
    6.02,
    6.02,
    3.179999999999999,
    3.4309999999999996,
    -6.360000000000001,
    6.02,
    -6.360000000000001,
    -6.360000000000001,
    3.179999999999999,
    3.179999999999999,
    3.179999999999999,
    -6.360000000000001,
    -6.360000000000001,
    6.02,
    3.4309999999999996,
    -6.360000000000001,
    3.4309999999999996,
    3.4309999999999996,
    3.4309999999999996,
    3.179999999999999,
    3.179999999999999,
    3.4309999999999996,
    3.179999999999999,
    3.179999999999999,
    6.02,
    3.179999999999999,
    6.02,
    3.179999999999999,
    3.4309999999999996,
    6.02,
    6.02,
    -6.360000000000001,
    -6.360000000000001,
    6.02,
    3.4309999999999996,
    -6.360000000000001,
    3.4309999999999996,
    6.02,
    -6.360000000000001,
    3.179999999999999,
    -6.360000000000001,
    3.4309999999999996,
    3.179999999999999,
    -6.360000000000001,
    3.179999999999999,
    3.4309999999999996,
    3.4309999999999996,
    -6.360000000000001,
    -6.360000000000001,
    6.02,
    -6.360000000000001,
    6.02,
    3.4309999999999996,
    -6.360000000000001,
    -6.360000000000001,
    -6.360000000000001,
    3.4309999999999996,
    3.179999999999999,
    6.02,
    3.4309999999999996,
    -6.360000000000001,
    -6.360000000000001,
    6.02,
    3.4309999999999996
  ]
}